target_name,target,label
2BEKA,MLRAKVRRIALANQKGGVGKTTTAINLAAYLARLGKRVLLVDLAPQGNATSGLGVRAERGVYHLLQGEPLEGLVHPVDGFHLLPATPDLVGATVELAGAPTALREALRDEGYDLVLLDAPPSLSPLTLNALAAAEGVVVPVQAEYYALEGVAGLLATLEEVRAGLNPRLRLLGILVTMYDGRTLLAQQVEAQLRAHFGEKVFWTVIPRNVRLAEAPSFGKTIAQHAPTSPGAHAYRRLAEEVMARVQEAGSHHHHHH,00000000000000111111110000000000000000000000000000000000000000000000000000000000000000000000000000000000000000000000000010000000000000000000010101000000000000000000000000000000010000000000000000000000000001111001100000000000000000000000000000000000000000000
1OJLE,GSHMIGSSPAMQHLLNEIAMVAPSDATVLIHGDSGTGKELVARALHACSARSDRPLVTLNCAALNESLLESELFGHEKGAFTGADKRREGRFVEADGGTLFLDEIGDISPLMQVRLLRAIQEREVQRVGSNQTISVDVRLIAATHRDLAEEVSAGRFRQDLYYRLNVVAIEMPSLRQRREDIPLLADHFLRRFAERNRKVVKGFTPQAMDLLIHYDWPGNIRELENAIERAVVLLTGEYISERELPLAIAATPIKTEYSGEIQPLVDVEKEVILAALEKTGGNKTEAARQLGITRKTLLAKLSR,0000100000000000000000000000000001111110000000000000000000000000000000000000000000000000000000000000001000000000000000000000000000000000000000000000000000000000000000000000000001000000100010010000000000000000000000000000110010000000000000000000000000000000000000000000000000000000000000000000000000000000
1Y56A,MLMRPLDLTEKRGKKVTIYFEGKELEAYEGEKLPVALLANEIYWLTTSNEGRKRGAFTFGPVPMTVNGVKGLEARRIKVKDGMKIERQGYYDFHEEPVVEPGEIERVVVDVAIIGGGPAGIGAALELQQYLTVALIEERGWLGGDMWLKGIKQEGFNKDSRKVVEELVGKLNENTKIYLETSALGVFDKGEYFLVPVVRGDKLIEILAKRVVLATGAIDSTMLFENNDMPGVFRRDFALEVMNVWEVAPGRKVAVTGSKADEVIQELERWGIDYVHIPNVKRVEGNEKVERVIDMNNHEYKVDALIFADGRRPDINPITQAGGKLRFRRGYYSPVLDEYHRIKDGIYVAGSAVSIKPHYANYLEGKLVGAYILKEFGYDAQPCIYEEKLREYEPESLSIPRIPLDKFNLEDVQICGCDVSLKKVDEVIRKGITDLQIIKRLTHLAMGFCQGRYCLFNGAVVVSQRTGKKLSEIDLPVARSPIKNVKMGILARR,0000000000000000000000000000000000000000000000000000000000000000000000000000000000000000000000000000000000000000001011100000000000000000111000011000000000000000000000000000000000001010000000000000000000000000000001110000000000000000000000000000000000000000000000000000000000000000000000000000000000000000000000100000000000000000000000000000000000000110000001001000000000000000000000000000000000000000000000000000000000000000000000000000000000000000000000000000000000000000000000000110000000000
1N5IA,MLIAIEGVDGAGKRTLVEKLSGAFRAAGRSVATLAFPRYGQSVAADIAAEALHGEHGDLASSVYAMATLFALDRAGAVHTIQGLCRGYDVVILDRYVASNAAYSAARLHENAAGKAAAWVQRIEFARLGLPKPDWQVLLAVSAELAGERSRGRAQRDPGRARDNYERDAELQQRTGAVYAELAAQGWGGRWLVVGADVDPGRLAATLAPPDVPS,0000000000000000000000000000000011000000100000000000000000000000000000000000000000010000000000000000000000000000000000000000000000000000000000000000000000000000000000000000000000000000000000000000000000000000000000
3HAVA,MVNLDAEIYEHLNKQIKINELRYLSSGDDSDTFLCNEQYVVKVPKRDSVRISQKREFELYRFLENCKLSYQIPAVVYQSDRFNIMKYIKGERITYEQYHKLSEKEKDALAYDEATFLKELHSIEIDCSVSLFSDALVNKKDKFLQDKKLLISILEKEQLLTDEMLEHIETIYENILNNAVLFKYTPCLVHNDFSANNMIFRNNRLFGVIDFGDFNVGDPDNDFLCLLDCSTDDFGKEFGRKVLKYYQHKAPEVAERKAELNDVYWSIDQIIYGYERKDREMLIKGVSELLQTQAEMFIF,00000000000000000000000110000101000000010100000000000000000000000000000000000000000011110000000000000000000000000000000000000000000000000000000000000000000000000000000000000000000000000000000000010000000000001100000000000000000000000000000000000000000000000000000000000000000000000000000000000000000
1Y8QB,MALSRGLPRELAEAVAGGRVLVVGAGGIGCELLKNLVLTGFSHIDLIDLDTIDVSNLNRQFLFQKKHVGRSKAQVAKESVLQFYPKANIVAYHDSIMNPDYNVEFFRQFILVMNALDNRAARNHVNRMCLAADVPLIESGTAGYLGQVTTIKKGVTECYECHPKPTQRTFPGATIRNTPSEPIHCIVWAKYLFNQLFGEEDADQEVSPDRADPEAAWEPTEAEARARASNEDGDIKRISTKEWAKSTGYDPVKLFTKLFKDDIRYLLTMDKLWRKRKPPVPLDWAEVQSQGEETNASDQQNEPQLGLKDQQVLDVKSYARLFSKSIETLRVHLAEKGDGAELIWDKDDPSAMDFVTSAANLRMHIFSMNMKSRFDIKSMAGNIIPAIATTNAVIAGLIVLEGLKILSGKIDQCRTIFLNKQPNPRKKLLVPCALDPPNPNCYVCASKPEVTVRLNVHKVTVLTLQDKIVKEKFAMVAPDVQIEDGKGTILISSEEGETEANNHKKLSEFGIRNGSRLQADDFLQDYTLLINILHSEDLGKDVEFEVVGDAPEKVGPKQAEDAAKSITNGSDDGAQPSTSTAQEQDDVLIVDSDEEDSSNNADVSEEERSRKRKLDEKENLSAKRSRIEQKEELDDVIALD,0000000000000000000000000110000000000000000000011100000100110000000000010000000000000000000001111000000000000000001111001000000000000000000000000000000000000000000000000000000000000000000000000000000000000000000000000000000000000000000000000000000000000000000000000000000000000000000000000000000000000000000000000000000000000000000000000000000001000000000000000000000000000000000000000000000000000000000000000000000000000000000000000000000000000000000000000000000000000000000000000000000000000000000000000000000000000000000000000000000000000000000000000000000000000000000000000000000000000000000000000000000000000000000000000000000000000000
1A49A,SKSHSEAGSAFIQTQQLHAAMADTFLEHMCRLDIDSAPITARNTGIICTIGPASRSVETLKEMIKSGMNVARMNFSHGTHEYHAETIKNVRTATESFASDPILYRPVAVALDTKGPEIRTGLIKGSGTAEVELKKGATLKITLDNAYMEKCDENILWLDYKNICKVVDVGSKVYVDDGLISLQVKQKGPDFLVTEVENGGFLGSKKGVNLPGAAVDLPAVSEKDIQDLKFGVEQDVDMVFASFIRKAADVHEVRKILGEKGKNIKIISKIENHEGVRRFDEILEASDGIMVARGDLGIEIPAEKVFLAQKMIIGRCNRAGKPVICATQMLESMIKKPRPTRAEGSDVANAVLDGADCIMLSGETAKGDYPLEAVRMQHLIAREAEAAMFHRKLFEELARSSSHSTDLMEAMAMGSVEASYKCLAAALIVLTESGRSAHQVARYRPRAPIIAVTRNHQTARQAHLYRGIFPVVCKDPVQEAWAEDVDLRVNLAMNVGKARGFFKKGDVVIVLTGWRPGSGFTNTMRVVPVP,00000000000000000000000000000000000000000000000010010000000000000000000101001000011000000000000000000000000000000000001000000000000000000000000000000000000000000000000000000000000000000000000000000000000001000000000000000000000000000000000000000000000000000000000000001000000000000000000000000010000000000000000000000000000000000000000000000000000000000000000010001100000000000000000000000000000000000000000000000000000000000000000000000000000000000000000000000000000000000000000000000000000000000000000000000000000000000000000000
2HS0A,MKLRYLNILKEKLGREPTFVELQAFSVMWSEHCGYSHTKKYIRRLPKTGFEGNAGVVNLDDYYSVAFKIESHNHPSAIEPYNGAATGVGGIIRDVLAMGARPTAIFDSLHMSRIIDGIIEGIADYGNSIGVPTVGGELRISSLYAHNPLVNVLAAGVVRNDMLVDSKASRPGQVIVIFGGATGRDGIHGASFASEDLTGDKATKLSIQVGDPFAEKMLIEAFLEMVEEGLVEGAQDLGAGGVLSATSELVAKGNLGAIVHLDRVPLREPDMEPWEILISESQERMAVVTSPQKASRILEIARKHLLFGDVVAEVIEEPVYRVMYRNDLVMEVPVQLLANAPEEDIVEYTPGKIPEFKRVEFEEVNAREVFEQYDHMVGTDTVVPPGFGAAVMRIKRDGGYSLVTHSRADLALQDTYWGTLIAVLESVRKTLSVGAEPLAITNCVNYGDPDVDPVGLSAMMTALKNACEFSGVPVASGNASLYNTYQGKPIPPTLVVGMLGKVNPQKVAKPKPSKVFAVGWNDFELEREKELWRAIRKLSEEGAFILSSSQLLTRTHVETFREYGLKIEVKLPEVRPAHQMVLVFSERTPVVDVPVKEIGTLSR,000000000000000000000000000000000010000001001000000000000000000000010100000000000000000000000100000000000010000000000000000000000000001111100000000000000000000000000000000000000000000000000000000000000000000000000000000000000000000000010000000000000000000000000000000000000000000000000000000000000000000000000000000000000000000000000000000000000000000000000000000001000100000000000000011100000000000000001000000000000000000000001000000000000101000000000000000000000000000001011110000000000000000000000000000000000000000000000000000000000000000000011100101100000000000000000000000000000000000000000000000
1ESQA,MRGSHHHHHHGSMDAQSAAKCLTAVRRHSPLVHSITNNVVTNFTANGLLALGASPVMAYAKEEVADMAKIAGALVLNIGTLSKESVEAMIIAGKSANEHGVPVILDPVGAGATPFRTESARDIIREVRLAAIRGNAAEIAHTVGVTDWLIKGVDAGEGGGDIIRLAQQAAQKLNTVIAITGEVDVIADTSHVYTLHNGHKLLTKVTGAGSLLTSVVGAFCAVEENPLFAAIAAISSYGVAAQLAAQQTADKGPGSFQIELLNKLSTVTEQDVQEWATIERVTVS,00000000000000000000000000000000000000000000000000000000000000000000000000000000000000000000000000000000000000000000000000000000000010100000000000000000000000000000000000000000000111010000000000001111011000001001000000000000000000000000100000000000000000000000000000000000000000000000
1YIDB,MPFVDLEVPTMTTPTPAATPARPRVLTGDRPTGALHLGHLAGSLQNRVRLQDEAELFVLLADVQALTDHFDRPEQVRENVLAVALDYLAAGLDPQKTTCVVQSAVPELAELTVYFLNLVTVSHLRQNPTVKAEIAQKGYGERVPAGFFVYPVSQAADIAAFGATLVPVGDDQLPMLEQTREIVRRFNALYAPVLAEPQAQLSRVPRLPGLDGQAKMSKSLGNAIALGDSADEVARKVMGMYTDPGHLRASDPGRVEGNPVFTFLDAFDPDPARVQALKDQYRAGGLGDVKVKKHLIDVLNGVLAPIRTRRAEYERDPDAVLRFVTEGTARGREVAAQTLGQVRRAMRLFGH,000000000000000000000000000111000001011000000000000000000000000000000000000000000000000000000000000000000000000000000000000000000000000000000000000000000000000000000000000000000000000000000000000000000000011000000001101000000000000000000000000000000000000000000000000000000000000000000000000000000000000000000000000000000000000000000000000000000000000
1NSFA,GAHMGDFLASLEQDIKPAFGTNQEDYASYIMNGIIKWGDPVTRVLDDGELLVQQTKNSDRTPLVSVLLEGPPHSGKTALAAKIAEESNFPFIKICSPDKMIGFSETAKCQAMKKIFDDAYKSQLSCVVVDDIERLLDYVPIGPRFSNLVLQALLVLLKKAPPQGRKLLIIGTTSRKDVLQEMEMLNAFSTTIHVPNIATGEQLLEALELLGNFKDKERTTIAQQVKGKKVWIGIKKLLMLIEMSLQMDPEYRVRKFLALLREEGASPLDFDLE,000000000000000000000000000001111110100010000000000000000000000000000001111111100000000000000000000000000000000000000000000000000000000000000000000000000000000000000000000001000000000000000000000000000000000000000000000000000000000001100100000000000000000000000000000000000
1QHGA,MNFLSEQLLAHLNKEQQEAVRTTEGPLLIMAGAGSGKTRVLTHRIAYLMAEKHVAPWNILAITFTNKAAREMRERVQSLLGGAAEDVWISTFHSMCVRILRRDIDRIGINRNFSILDPTDQLSVMKTILKEKNIDPKKFEPRTILGTISAAKNELLPPEQFAKRASTYYEKVVSDVYQEYQQRLLRNHSLDFDDLIMTTIQLFDRVPDVLHYYQYKFQYIHIDEYQDTNRAQYTLVKKLAERFQNICAVGDADQSIYRWRGADIQNILSFERDYPNAKVILLEQNYRSTKRILQAANEVIEHNVNRKPKRIWTENPEGKPILYYEAMNEADEAQFVAGRIREAVERGERRYRDFAVLYRTNAQSRVMEEMLLKANIPYQIVGGLKFYDRKEIKDILAYLRVIANPDDDLSLLRIINVPKRGIGASTIDKLVRYAADHELSLFEALGELEMIGLGAKAAGALAAFRSQLEQWTQLQEYVSVTELVEEVLDKSGYREMLKAERTIEAQSRLENLDEFLSVTKHFENVSDDKSLIAFLTDLALISDLDELDGTEQAAEGDAVMLMTLHAAKGLEFPVVFLIGMEEGIFPHNRSLEDDDEMEEERRLAYVGITRAEEELVLTSAQMRTLFGNIQMDPPSRFLNEIPAHLLETASRRQAGASRPAVSRPQASGAVGSWKVGDRANHRKWGIGTVVSVRGGGDDQELDIAFPSPIGIKRLLAKFAPIEKV,0000000000100001000000000000000001111010000000000000000000000000000000000000000000000000000000000000000000000000000000000000000000000000000000000000000000000000000000000000000000000000000000000000000000000000000000000000000000000000000000000000000000000000000000000000000000000000000001100000000000000000000000000000000000000000000000000000000000000000000000000000000000000000000000000000000000000000000000000000000000000000000000000000000000000000000000000000000000000000000000000000000000000000000000000000000000000000000000000000000000000000000000000000000000000000100000000000000000000000000000000000000000000000000000000000000000000000000000000000000000000000000000000000000000000000000000000000000000000000000000000000
1H4QB,MAKEKGLTPQSQDFSEWYLEVIQKAELADYGPVRGTIVVRPYGYAIWENIQQVLDRMFKETGHQNAYFPLFIPMSFLRKEAEHVEGFSPELAVVTHAGGEELEEPLAVRPTSETVIGYMWSKWIRSWRDLPQLLNQWGNVVRWEMRTRPFLRTSEFLWQEGHTAHATREEAEEEVRRMLSIYARLAREYAAIPVIEGLKTEKEKFAGAVYTTTIEALMKDGKALQAGTSHYLGENFARAFDIKFQDRDLQVKYVHTTSWGLSWRFIGAIIMTHGDDRGLVLPPRLAPIQVVIVPIYKDESRERVLEAAQGLRQALLAQGLRVHLDDRDQHTPGYKFHEWELKGVPFRVELGPKDLEGGQAVLASRLGGKETLPLAALPEALPGKLDAFHEELYRRALAFREDHTRKVDTYEAFKEAVQEGFALAFHCGDKACERLIQEETTATTRCVPFEAEPEEGFCVRCGRPSAYGKRVVFAKAY,000000000000000000000000000000000000000000000000000000000000000000000000000000000000000000000000000000000000000000000000000000000000000000000101000000111001010000000000000000000000000000000000000000000000000000000000000000001111010000000000000000000000000000010101000000000000000000000000000000000000000000000000000000000000000000000000000000000000000000000000000000000000000000000000000000000000000000000000000000000000000000000000000000000000000000000000000000000000000000000
1KVKA,MLSEVLLVSAPGKVILHGEHAVVHGKVALAVALNLRTFLVLRPQSNGKVSLNLPNVGIKQVWDVATLQLLDTGFLEQGDVPAPTLEQLEKLKKVAGLPRDCVGNEGLSLLAFLYLYLAICRKQRTLPSLDIMVWSELPPGAGLGSSAAYSVCVAAALLTACEEVTNPLKDRGSIGSWPEEDLKSINKWAYEGERVIHGNPSGVDNSVSTWGGALRYQQGKMSSLKRLPALQILLTNTKVPRSTKALVAGVRSRLIKFPEIMAPLLTSIDAISLECERVLGEMAAAPVPEQYLVLEELMDMNQHHLNALGVGHASLDQLCQVTAAHGLHSKLTGAGGGGCGITLLKPGLERAKVEAAKQALTGCGFDCWETSIGAPGVSMHSATSIEDPVRQALGL,00000000000010000000000000000000000000000000000000001010000000000000000000000000000000000000000000000001100100000000000000000000000000100001011111000000000000000000000000000000000000000000000000011000000100000000000000000000000000000000000000000000000000000000000000000000000000000000000000000000000000000000000000000000000000000000000000000000000000000000000000000000000000000000000000000000000
1JJVA,MTYIVGLTGGIGSGKTTIANLFTDLGVPLVDADVVAREVVAKDSPLLSKIVEHFGAQILTEQGELNRAALRERVFNHDEDKLWLNNLLHPAIRERMKQKLAEQTAPYTLFVVPLLIENKLTALCDRILVVDVSPQTQLARSAQRDNNNFEQIQRIMNSQVSQQERLKWADDVINNDAELAQNLPHLQQKVLELHQFYLQQAENKNA,00000000001111111000000000000000000000000000000000000000000000000000000000000000000000000000000000000000000000000000000000000000000000000001000000000000000000000000000000000010111000000000000000000000000000
1MJHA,MSVMYKKILYPTDFSETAEIALKHVKAFKTLKAEEVILLHVIDEREIKKRDIFSLLLGVAGLNKSVEEFENELKNKLTEEAKNKMENIKKELEDVGFKVKDIIVVGIPHEEIVKIAEDEGVDIIIMGSHGKTNLKEILLGSVTENVIKKSNKPVLVVKRKNS,000000000011100001000000000000000000001110000000000000000000000000000000000000000000000000000000000000000001000100000000000001101111100000011110000000000000000000
3K5HA,MGSSHHHHHHSSENLYFQGHMWNSRKVGVLGGGQLGRMLVESANRLNIQVNVLDADNSPAKQISAHDGHVTGSFKEREAVRQLAKTCDVVTAEIEHVDTYALEEVASEVKIEPSWQAIRTIQNKFNQKEHLRKYGIPMAEHRELVENTPAELAKVGEQLGYPLMLKSKTMAYDGRGNFRVNSQDDIPEALEALKDRPLYAEKWAYFKMELAVIVVKTKDEVLSYPTVETVQEDSICKLVYAPARNVSDAINQKAQELARKAVAAFDGKGVFGVEMFLLEDDSIMLCEIASRIHNSGHYTIEGCALSQFDAHLRAILDLPIPAQSLEIRQPSIMLNIIGGAAPDTHLQAAECALSIPNASIHLYSKGAAKPGRKMGHITVTAPTMHEAETHIQPLIDVVDRIRA,0000000000000000000000000000000000000000000000000000000000000000000000000000000000000000000000000000000000000000000000000001000000000000000000000000000000000000000101000011110010000000000000000000000011110100100000000000000000000010010000000000000000000000000000000000000001010000000001100000000000000000000000000000000000000000000000000000000000000000000000000000000000000000000000000000000000000000000
2Z08A,MFKTILLAYDGSEHARRAAEVAKAEAEAHGARLIVVHAYEPVPDYLGEPFFEEALRRRLERAEGVLEEARALTGVPKEDALLLEGVPAEAILQAARAEKADLIVMGTRGLGALGSLFLGSQSQRVVAEAPCPVLLVR,00000001110100000000000000000000000111000000000000000000000000000000000000000000000000100000000000000000110111110000001111000000000000000
3MEYA,MGSSHHHHHHSSGLVPRGSHMNIAVLPNSPDTAPQIADPLDHLADKLFHSMGSDGVYARTALYESIVERLAALITSHREAGTEALRFPPVMSRAQLEKSGYLKSFPNLLGCVCGLHGTEREINAAVSRFDAGGDWTTSLSPADLVLSPAACYPVYPIAASRGPLPKGGLRFDVAADCFRREPSKHLDRLQSFRMREYVCIGTPDDVSDFRERWMVRAQAIARDLGLTFRVDYASDPFFGRVGQMKAVSQKQQQLKFELLIPLRSEEQPTACMSFNYHREHFGTTWGIQDANGEPAHTGCVAFGMDRLAVAMFHTHGTDLSAWPAKVRDILGLQPHVAAGAHGEGWR,0000000000000000000000000000000000000000000000000000000000000000000000000000000000000000000000000000000000000000000000000000000000000000000000000000000000000000000000000000000000101000001110010100000000000000000000000000000000000000001100000000000000000010100000000000011110000000000000000000000000001010010000000000000000000000000000000000000000
3C5EA,MGHHHHHHSSGVDLGTENLYFQSMSLQWGHQEVPAKFNFASDVLDHWADMEKAGKRPPSPALWWVNGKGKELMWNFRELSENSQQAANVLSGACGLQRGDRVAVVLPRVPEWWLVILGCIRAGLIFMPGTIQMKSTDILYRLQMSKAKAIVAGDEVIQEVDTVASECPSLRIKLLVSEKSCDGWLNFKKLLNEASTTHHCVETGSQEASAIYFTSGTSGLPKMAEHSYSSLGLKAKMDAGWTGLQASDIMWTISDTGWILNILCSLMEPWALGACTFVHLLPKFDPLVILKTLSSYPIKSMMGAPIVYRMLLQQDLSSYKFPHLQNCVTVGESLLPETLENWRAQTGLDIRESYGQTETGLTCMVSKTMKIKPGYMGTAASCYDVQIIDDKGNVLPPGTEGDIGIRVKPIRPIGIFSGYVDNPDKTAANIRGDFWLLGDRGIKDEDGYFQFMGRADDIINSSGYRIGPSEVENALMEHPAVVETAVISSPDPVRGEVVKAFVVLASQFLSHDPEQLTKELQQHVKSVTAPYKYPRKIEFVLNLPKTVTGKIQRAKLRDKEWKMSGKARAQ,000000000000000000000000000000000000000000000000000000000000000000000000000000000000000000000000000000000000000000000000000000000000000000000000000000000000000000000000000000000000000000000000000000000000000000000111110001000000000000000000000000000000000000000000000000000000000000000000000000000000000000000000000000000000000000111000000000000000000111111000000000000000000000000000000000000000000000000000000000000000000000000000000000100000000000100100000000000000000000000000000000000000000000000000000000000000000000000000000000000000000000000100000000000000000000
