target_name,target,true_label,predicted_label,true_label0,true_label1,predicted_label0,predicted_label1,TN,FP,FN,TP,Spe,Sen,Pre,Acc,F1,MCC
2BEKA,MLRAKVRRIALANQKGGVGKTTTAINLAAYLARLGKRVLLVDLAPQGNATSGLGVRAERGVYHLLQGEPLEGLVHPVDGFHLLPATPDLVGATVELAGAPTALREALRDEGYDLVLLDAPPSLSPLTLNALAAAEGVVVPVQAEYYALEGVAGLLATLEEVRAGLNPRLRLLGILVTMYDGRTLLAQQVEAQLRAHFGEKVFWTVIPRNVRLAEAPSFGKTIAQHAPTSPGAHAYRRLAEEVMARVQEAGSHHHHHH,00000000000000111111110000000000000000000000000000000000000000000000000000000000000000000000000000000000000000000000000010000000000000000000010101000000000000000000000000000000010000000000000000000000000001111001100000000000000000000000000000000000000000000,00000000000000111111110000000000000000000000000000000000000000000000000000000000000000000000000000000000000000000000000010000000000000000000010101000000000000000000000000000000010000000000000000000000000001111001100000000000000000000000000000000000000000000,238,19,238,19,238,0,0,19,100.0,100.0,100.0,100.0,100.0,1.0
1OJLE,GSHMIGSSPAMQHLLNEIAMVAPSDATVLIHGDSGTGKELVARALHACSARSDRPLVTLNCAALNESLLESELFGHEKGAFTGADKRREGRFVEADGGTLFLDEIGDISPLMQVRLLRAIQEREVQRVGSNQTISVDVRLIAATHRDLAEEVSAGRFRQDLYYRLNVVAIEMPSLRQRREDIPLLADHFLRRFAERNRKVVKGFTPQAMDLLIHYDWPGNIRELENAIERAVVLLTGEYISERELPLAIAATPIKTEYSGEIQPLVDVEKEVILAALEKTGGNKTEAARQLGITRKTLLAKLSR,0000100000000000000000000000000001111110000000000000000000000000000000000000000000000000000000000000001000000000000000000000000000000000000000000000000000000000000000000000000001000000100010010000000000000000000000000000110010000000000000000000000000000000000000000000000000000000000000000000000000000000,0000100000000000000000000000000001111111000000000000000000000000000000000000000000000000000000000000000000000000000000000000000000000000000000000000000000000000000000000000000001000000100010010000000000000000000000000000110010000000000000000000000000000000000000000000000000000000000000000000000000000000,289,15,289,15,288,1,1,14,99.65,93.33,93.33,99.34,93.33,0.93
1Y56A,MLMRPLDLTEKRGKKVTIYFEGKELEAYEGEKLPVALLANEIYWLTTSNEGRKRGAFTFGPVPMTVNGVKGLEARRIKVKDGMKIERQGYYDFHEEPVVEPGEIERVVVDVAIIGGGPAGIGAALELQQYLTVALIEERGWLGGDMWLKGIKQEGFNKDSRKVVEELVGKLNENTKIYLETSALGVFDKGEYFLVPVVRGDKLIEILAKRVVLATGAIDSTMLFENNDMPGVFRRDFALEVMNVWEVAPGRKVAVTGSKADEVIQELERWGIDYVHIPNVKRVEGNEKVERVIDMNNHEYKVDALIFADGRRPDINPITQAGGKLRFRRGYYSPVLDEYHRIKDGIYVAGSAVSIKPHYANYLEGKLVGAYILKEFGYDAQPCIYEEKLREYEPESLSIPRIPLDKFNLEDVQICGCDVSLKKVDEVIRKGITDLQIIKRLTHLAMGFCQGRYCLFNGAVVVSQRTGKKLSEIDLPVARSPIKNVKMGILARR,0000000000000000000000000000000000000000000000000000000000000000000000000000000000000000000000000000000000000000001011100000000000000000111000011000000000000000000000000000000000001010000000000000000000000000000001110000000000000000000000000000000000000000000000000000000000000000000000000000000000000000000000100000000000000000000000000000000000000110000001001000000000000000000000000000000000000000000000000000000000000000000000000000000000000000000000000000000000000000000000000110000000000,0000000000000000000000000000000100000000000000000000000000000000000000000000000000000000000000001000000000000000011011100000000000000000111000011000000000000000000000000000000000001110000000000001000000000000000001111000000000000000000000000000000000000000000000000000000000000000000000000000000000000000000000100000000000000000000000000000000000000110000101001000000000000000000000000000000000000000000000000000000000000000000000000000000000000000000000000000000000000000000000000110000000000,472,21,465,28,465,7,0,21,98.52,100.0,75.0,98.58,85.71,0.86
1N5IA,MLIAIEGVDGAGKRTLVEKLSGAFRAAGRSVATLAFPRYGQSVAADIAAEALHGEHGDLASSVYAMATLFALDRAGAVHTIQGLCRGYDVVILDRYVASNAAYSAARLHENAAGKAAAWVQRIEFARLGLPKPDWQVLLAVSAELAGERSRGRAQRDPGRARDNYERDAELQQRTGAVYAELAAQGWGGRWLVVGADVDPGRLAATLAPPDVPS,0000000000000000000000000000000011000000100000000000000000000000000000000000000000010000000000000000000000000000000000000000000000000000000000000000000000000000000000000000000000000000000000000000000000000000000000,0000010000000000000000000000000011000000100000000000000000000000000000000000000100010000000001000000000000000000000000000000000000000000000000000000000000000000000000000000000000000000000000000000000000000000000000,210,4,207,7,207,3,0,4,98.57,100.0,57.14,98.6,72.73,0.751
3HAVA,MVNLDAEIYEHLNKQIKINELRYLSSGDDSDTFLCNEQYVVKVPKRDSVRISQKREFELYRFLENCKLSYQIPAVVYQSDRFNIMKYIKGERITYEQYHKLSEKEKDALAYDEATFLKELHSIEIDCSVSLFSDALVNKKDKFLQDKKLLISILEKEQLLTDEMLEHIETIYENILNNAVLFKYTPCLVHNDFSANNMIFRNNRLFGVIDFGDFNVGDPDNDFLCLLDCSTDDFGKEFGRKVLKYYQHKAPEVAERKAELNDVYWSIDQIIYGYERKDREMLIKGVSELLQTQAEMFIF,00000000000000000000000110000101000000010100000000000000000000000000000000000000000011110000000000000000000000000000000000000000000000000000000000000000000000000000000000000000000000000000000000010000000000001100000000000000000000000000000000000000000000000000000000000000000000000000000000000000000,00000000000000000000000110000101000000010100000000000000000000000000000000000000000011110000000000000000000000000000000000000000000000000000000000000000000000000000000000000000000000000000000000000000000000001100000000000000000000000000000000000000000000000000000000000000000000000000000000000000000,286,13,287,12,286,0,1,12,100.0,92.31,100.0,99.67,96.0,0.959
1Y8QB,MALSRGLPRELAEAVAGGRVLVVGAGGIGCELLKNLVLTGFSHIDLIDLDTIDVSNLNRQFLFQKKHVGRSKAQVAKESVLQFYPKANIVAYHDSIMNPDYNVEFFRQFILVMNALDNRAARNHVNRMCLAADVPLIESGTAGYLGQVTTIKKGVTECYECHPKPTQRTFPGATIRNTPSEPIHCIVWAKYLFNQLFGEEDADQEVSPDRADPEAAWEPTEAEARARASNEDGDIKRISTKEWAKSTGYDPVKLFTKLFKDDIRYLLTMDKLWRKRKPPVPLDWAEVQSQGEETNASDQQNEPQLGLKDQQVLDVKSYARLFSKSIETLRVHLAEKGDGAELIWDKDDPSAMDFVTSAANLRMHIFSMNMKSRFDIKSMAGNIIPAIATTNAVIAGLIVLEGLKILSGKIDQCRTIFLNKQPNPRKKLLVPCALDPPNPNCYVCASKPEVTVRLNVHKVTVLTLQDKIVKEKFAMVAPDVQIEDGKGTILISSEEGETEANNHKKLSEFGIRNGSRLQADDFLQDYTLLINILHSEDLGKDVEFEVVGDAPEKVGPKQAEDAAKSITNGSDDGAQPSTSTAQEQDDVLIVDSDEEDSSNNADVSEEERSRKRKLDEKENLSAKRSRIEQKEELDDVIALD,0000000000000000000000000110000000000000000000011100000100110000000000010000000000000000000001111000000000000000001111001000000000000000000000000000000000000000000000000000000000000000000000000000000000000000000000000000000000000000000000000000000000000000000000000000000000000000000000000000000000000000000000000000000000000000000000000000000001000000000000000000000000000000000000000000000000000000000000000000000000000000000000000000000000000000000000000000000000000000000000000000000000000000000000000000000000000000000000000000000000000000000000000000000000000000000000000000000000000000000000000000000000000000000000000000000000000000,0000000000000000000000000110000000000000000000011100000100110000000000010000000000000000000001111000000000000000000111001000000000000000000010000000000000000000000000000000000000000000000000000000000000000000000000000000000000000000000000000000000000000000000000000000000000000000000000000000000000000000000000000000000000000000000000000000000001000000000000000000000000000000000000000000000000000000000000000000000000000000000000000000000000000000000000000000000000000000000000000000000000000000000000000000000000000000000000000000000000000000000000000000000000000000000000000000000000000000000000000000000000000000000000000100000000000000,621,19,620,20,619,2,1,18,99.68,94.74,90.0,99.53,92.31,0.921
1A49A,SKSHSEAGSAFIQTQQLHAAMADTFLEHMCRLDIDSAPITARNTGIICTIGPASRSVETLKEMIKSGMNVARMNFSHGTHEYHAETIKNVRTATESFASDPILYRPVAVALDTKGPEIRTGLIKGSGTAEVELKKGATLKITLDNAYMEKCDENILWLDYKNICKVVDVGSKVYVDDGLISLQVKQKGPDFLVTEVENGGFLGSKKGVNLPGAAVDLPAVSEKDIQDLKFGVEQDVDMVFASFIRKAADVHEVRKILGEKGKNIKIISKIENHEGVRRFDEILEASDGIMVARGDLGIEIPAEKVFLAQKMIIGRCNRAGKPVICATQMLESMIKKPRPTRAEGSDVANAVLDGADCIMLSGETAKGDYPLEAVRMQHLIAREAEAAMFHRKLFEELARSSSHSTDLMEAMAMGSVEASYKCLAAALIVLTESGRSAHQVARYRPRAPIIAVTRNHQTARQAHLYRGIFPVVCKDPVQEAWAEDVDLRVNLAMNVGKARGFFKKGDVVIVLTGWRPGSGFTNTMRVVPVP,00000000000000000000000000000000000000000000000010010000000000000000000101001000011000000000000000000000000000000000001000000000000000000000000000000000000000000000000000000000000000000000000000000000000001000000000000000000000000000000000000000000000000000000000000001000000000000000000000000010000000000000000000000000000000000000000000000000000000000000000010001100000000000000000000000000000000000000000000000000000000000000000000000000000000000000000000000000000000000000000000000000000000000000000000000000000000000000000000,00000000000000000000000000000000000000000000000010010000000000000000000101001000011000000000000000000000000000000000001000000000000000000000000000000000000000000000000000000000100000000000000000000000000001000000000000000000000000000000000000000000000000000000000000001000000000000000000000000010000000000000000000000000000000000000000000000000000000000000000011001100000000000000000000000000000000000000000000000000000000000000000000000000000000000000000000000000000000000000000000000000000000000000000000000000000000000000000000,516,14,514,16,514,2,0,14,99.61,100.0,87.5,99.62,93.33,0.934
2HS0A,MKLRYLNILKEKLGREPTFVELQAFSVMWSEHCGYSHTKKYIRRLPKTGFEGNAGVVNLDDYYSVAFKIESHNHPSAIEPYNGAATGVGGIIRDVLAMGARPTAIFDSLHMSRIIDGIIEGIADYGNSIGVPTVGGELRISSLYAHNPLVNVLAAGVVRNDMLVDSKASRPGQVIVIFGGATGRDGIHGASFASEDLTGDKATKLSIQVGDPFAEKMLIEAFLEMVEEGLVEGAQDLGAGGVLSATSELVAKGNLGAIVHLDRVPLREPDMEPWEILISESQERMAVVTSPQKASRILEIARKHLLFGDVVAEVIEEPVYRVMYRNDLVMEVPVQLLANAPEEDIVEYTPGKIPEFKRVEFEEVNAREVFEQYDHMVGTDTVVPPGFGAAVMRIKRDGGYSLVTHSRADLALQDTYWGTLIAVLESVRKTLSVGAEPLAITNCVNYGDPDVDPVGLSAMMTALKNACEFSGVPVASGNASLYNTYQGKPIPPTLVVGMLGKVNPQKVAKPKPSKVFAVGWNDFELEREKELWRAIRKLSEEGAFILSSSQLLTRTHVETFREYGLKIEVKLPEVRPAHQMVLVFSERTPVVDVPVKEIGTLSR,000000000000000000000000000000000010000001001000000000000000000000010100000000000000000000000100000000000010000000000000000000000000001111100000000000000000000000000000000000000000000000000000000000000000000000000000000000000000000000010000000000000000000000000000000000000000000000000000000000000000000000000000000000000000000000000000000000000000000000000000000001000100000000000000011100000000000000001000000000000000000000001000000000000101000000000000000000000000000001011110000000000000000000000000000000000000000000000000000000000000000000011100101100000000000000000000000000000000000000000000000,000000000000000000000000000000000010000001001000000000000000000000011100000000000000000000000100000000000010100000000010010000000000011111100000000000100000000000000000000000000000000000000000000000000000000000000000000000000000000000110000000000010000000000000000000000000000000000000000000000000000000000000000000000000000000000000000000000000000000000000000000001000100000000000000010100000000000000001100000000000000000000001000000000010101000000000000000000000000000001011100000000000000000000000000000000000000000000000000000000000000000000011000101100000000000000000000000000000000000000000000000,570,33,563,40,560,10,3,30,98.25,90.91,75.0,97.84,82.19,0.815
1ESQA,MRGSHHHHHHGSMDAQSAAKCLTAVRRHSPLVHSITNNVVTNFTANGLLALGASPVMAYAKEEVADMAKIAGALVLNIGTLSKESVEAMIIAGKSANEHGVPVILDPVGAGATPFRTESARDIIREVRLAAIRGNAAEIAHTVGVTDWLIKGVDAGEGGGDIIRLAQQAAQKLNTVIAITGEVDVIADTSHVYTLHNGHKLLTKVTGAGSLLTSVVGAFCAVEENPLFAAIAAISSYGVAAQLAAQQTADKGPGSFQIELLNKLSTVTEQDVQEWATIERVTVS,00000000000000000000000000000000000000000000000000000000000000000000000000000000000000000000000000000000000000000000000000000000000010100000000000000000000000000000000000000000000111010000000000001111011000001001000000000000000000000000100000000000000000000000000000000000000000000000,00000000000000000000000000000000000000000000000000000000000000000000000000000000000000000000000000000000000000000000000000000000000010100000000000000000000010000000000000000000000111010000000000000111011000011001000000000000000000000100100000000000000000000000000000000000000000000000,269,15,267,17,266,3,1,14,98.88,93.33,82.35,98.59,87.5,0.869
1YIDB,MPFVDLEVPTMTTPTPAATPARPRVLTGDRPTGALHLGHLAGSLQNRVRLQDEAELFVLLADVQALTDHFDRPEQVRENVLAVALDYLAAGLDPQKTTCVVQSAVPELAELTVYFLNLVTVSHLRQNPTVKAEIAQKGYGERVPAGFFVYPVSQAADIAAFGATLVPVGDDQLPMLEQTREIVRRFNALYAPVLAEPQAQLSRVPRLPGLDGQAKMSKSLGNAIALGDSADEVARKVMGMYTDPGHLRASDPGRVEGNPVFTFLDAFDPDPARVQALKDQYRAGGLGDVKVKKHLIDVLNGVLAPIRTRRAEYERDPDAVLRFVTEGTARGREVAAQTLGQVRRAMRLFGH,000000000000000000000000000111000001011000000000000000000000000000000000000000000000000000000000000000000000000000000000000000000000000000000000000000000000000000000000000000000000000000000000000000000000011000000001101000000000000000000000000000000000000000000000000000000000000000000000000000000000000000000000000000000000000000000000000000000000000,000000000000000000000000000111110000011001001000000000000000000000000000000000000000000000000000000000000000000000000000000000000000000000000000000000000000000000000000000000000000000000000000000000000101011000000011101000000000000000000000000000000000000000000000000000000000000000000000000000000000000000000000000000000000000001000000000000000000000,340,11,333,18,332,8,1,10,97.65,90.91,55.56,97.44,68.97,0.7
1NSFA,GAHMGDFLASLEQDIKPAFGTNQEDYASYIMNGIIKWGDPVTRVLDDGELLVQQTKNSDRTPLVSVLLEGPPHSGKTALAAKIAEESNFPFIKICSPDKMIGFSETAKCQAMKKIFDDAYKSQLSCVVVDDIERLLDYVPIGPRFSNLVLQALLVLLKKAPPQGRKLLIIGTTSRKDVLQEMEMLNAFSTTIHVPNIATGEQLLEALELLGNFKDKERTTIAQQVKGKKVWIGIKKLLMLIEMSLQMDPEYRVRKFLALLREEGASPLDFDLE,000000000000000000000000000001111110100010000000000000000000000000000001111111100000000000000000000000000000000000000000000000000000000000000000000000000000000000000000000001000000000000000000000000000000000000000000000000000000000001100100000000000000000000000000000000000,000000000000000000000000000111111110000000000000000000000000000000000001101111100000000000000000000000000000000000000000000000000000000000000000000000000000010000000000000000000000000000000000000000000000000000000000000000000000000001100100010000000000000000000000000000000,253,20,253,20,249,4,4,16,98.42,80.0,80.0,97.07,80.0,0.784
1QHGA,MNFLSEQLLAHLNKEQQEAVRTTEGPLLIMAGAGSGKTRVLTHRIAYLMAEKHVAPWNILAITFTNKAAREMRERVQSLLGGAAEDVWISTFHSMCVRILRRDIDRIGINRNFSILDPTDQLSVMKTILKEKNIDPKKFEPRTILGTISAAKNELLPPEQFAKRASTYYEKVVSDVYQEYQQRLLRNHSLDFDDLIMTTIQLFDRVPDVLHYYQYKFQYIHIDEYQDTNRAQYTLVKKLAERFQNICAVGDADQSIYRWRGADIQNILSFERDYPNAKVILLEQNYRSTKRILQAANEVIEHNVNRKPKRIWTENPEGKPILYYEAMNEADEAQFVAGRIREAVERGERRYRDFAVLYRTNAQSRVMEEMLLKANIPYQIVGGLKFYDRKEIKDILAYLRVIANPDDDLSLLRIINVPKRGIGASTIDKLVRYAADHELSLFEALGELEMIGLGAKAAGALAAFRSQLEQWTQLQEYVSVTELVEEVLDKSGYREMLKAERTIEAQSRLENLDEFLSVTKHFENVSDDKSLIAFLTDLALISDLDELDGTEQAAEGDAVMLMTLHAAKGLEFPVVFLIGMEEGIFPHNRSLEDDDEMEEERRLAYVGITRAEEELVLTSAQMRTLFGNIQMDPPSRFLNEIPAHLLETASRRQAGASRPAVSRPQASGAVGSWKVGDRANHRKWGIGTVVSVRGGGDDQELDIAFPSPIGIKRLLAKFAPIEKV,0000000000100001000000000000000001111010000000000000000000000000000000000000000000000000000000000000000000000000000000000000000000000000000000000000000000000000000000000000000000000000000000000000000000000000000000000000000000000000000000000000000000000000000000000000000000000000000001100000000000000000000000000000000000000000000000000000000000000000000000000000000000000000000000000000000000000000000000000000000000000000000000000000000000000000000000000000000000000000000000000000000000000000000000000000000000000000000000000000000000000000000000000000000000000000100000000000000000000000000000000000000000000000000000000000000000000000000000000000000000000000000000000000000000000000000000000000000000000000000000000000,0000000000111001000000000000000011111110000000000000000000000000000000000000000000000000000000000000000000000000000000000000000000000000000000000000000000000000000000000000000000000000000000000000000000000000000000000000000000000000000000000000000000000100000000001000000000000000000001100000000000000000000000000000000000000000000000000000000000000000000000000000000000000000000000000000000000000000000000000000000000000000000000000000000000000000000000000000000000000000000000000000000000000000000000000000000000000000000000000000000000000000000000000000000000000001101000000000000000000000000000000000000001000000000000000000000000000000000000000000000000000000000000000000000000000000000000000000000000000000000000000000,714,10,705,19,705,9,0,10,98.74,100.0,52.63,98.76,68.97,0.721
1H4QB,MAKEKGLTPQSQDFSEWYLEVIQKAELADYGPVRGTIVVRPYGYAIWENIQQVLDRMFKETGHQNAYFPLFIPMSFLRKEAEHVEGFSPELAVVTHAGGEELEEPLAVRPTSETVIGYMWSKWIRSWRDLPQLLNQWGNVVRWEMRTRPFLRTSEFLWQEGHTAHATREEAEEEVRRMLSIYARLAREYAAIPVIEGLKTEKEKFAGAVYTTTIEALMKDGKALQAGTSHYLGENFARAFDIKFQDRDLQVKYVHTTSWGLSWRFIGAIIMTHGDDRGLVLPPRLAPIQVVIVPIYKDESRERVLEAAQGLRQALLAQGLRVHLDDRDQHTPGYKFHEWELKGVPFRVELGPKDLEGGQAVLASRLGGKETLPLAALPEALPGKLDAFHEELYRRALAFREDHTRKVDTYEAFKEAVQEGFALAFHCGDKACERLIQEETTATTRCVPFEAEPEEGFCVRCGRPSAYGKRVVFAKAY,000000000000000000000000000000000000000000000000000000000000000000000000000000000000000000000000000000000000000000000000000000000000000000000101000000111001010000000000000000000000000000000000000000000000000000000000000000001111010000000000000000000000000000010101000000000000000000000000000000000000000000000000000000000000000000000000000000000000000000000000000000000000000000000000000000000000000000000000000000000000000000000000000000000000000000000000000000000000000000000,000000000000000000000000000000000000000000000000000000000000000000000000000000000000000000000000000000000000010000000000000000000000000000000101000000110001010000000000000000000000000000000000000000000000100000100000000000001111000000000000000000000000000000000101000000000000000000000000000000000000000000000000000000000000000000000000000000000000000000000000000000000000000000000000000000000000000000000000000000000000000000000000000000000000100000000000000000000000000000000,462,15,461,16,458,4,3,12,99.13,80.0,75.0,98.53,77.42,0.767
1KVKA,MLSEVLLVSAPGKVILHGEHAVVHGKVALAVALNLRTFLVLRPQSNGKVSLNLPNVGIKQVWDVATLQLLDTGFLEQGDVPAPTLEQLEKLKKVAGLPRDCVGNEGLSLLAFLYLYLAICRKQRTLPSLDIMVWSELPPGAGLGSSAAYSVCVAAALLTACEEVTNPLKDRGSIGSWPEEDLKSINKWAYEGERVIHGNPSGVDNSVSTWGGALRYQQGKMSSLKRLPALQILLTNTKVPRSTKALVAGVRSRLIKFPEIMAPLLTSIDAISLECERVLGEMAAAPVPEQYLVLEELMDMNQHHLNALGVGHASLDQLCQVTAAHGLHSKLTGAGGGGCGITLLKPGLERAKVEAAKQALTGCGFDCWETSIGAPGVSMHSATSIEDPVRQALGL,00000000000010000000000000000000000000000000000000001010000000000000000000000000000000000000000000000001100100000000000000000000000000100001011111000000000000000000000000000000000000000000000000011000000100000000000000000000000000000000000000000000000000000000000000000000000000000000000000000000000000000000000000000000000000000000000000000000000000000000000000000000000000000000000000000000000,00000000000110000000000000000000000000000000000000001011000000000000000000000000000000000000000000000001100100000000000000000000000010101011010111000000000000000000000000000000000000000000000000011000000100000000000000000000000000000000000000000000000000000000000000000000000000000000000000000000000000000000000000000000000000000000000000000000000000000000000000000000000000000000000000000000000,379,16,375,20,374,5,1,15,98.68,93.75,75.0,98.48,83.33,0.831
1JJVA,MTYIVGLTGGIGSGKTTIANLFTDLGVPLVDADVVAREVVAKDSPLLSKIVEHFGAQILTEQGELNRAALRERVFNHDEDKLWLNNLLHPAIRERMKQKLAEQTAPYTLFVVPLLIENKLTALCDRILVVDVSPQTQLARSAQRDNNNFEQIQRIMNSQVSQQERLKWADDVINNDAELAQNLPHLQQKVLELHQFYLQQAENKNA,00000000001111111000000000000000000000000000000000000000000000000000000000000000000000000000000000000000000000000000000000000000000000000001000000000000000000000000000000000010111000000000000000000000000000,00000000001101111000000000000000000000000000000000000000000000000000000000000000000000000000000000000000000000000000000000000000000000000001001000000000000000000000000000000010111000000000000000000000000000,194,12,194,12,193,1,1,11,99.48,91.67,91.67,99.03,91.67,0.912
1MJHA,MSVMYKKILYPTDFSETAEIALKHVKAFKTLKAEEVILLHVIDEREIKKRDIFSLLLGVAGLNKSVEEFENELKNKLTEEAKNKMENIKKELEDVGFKVKDIIVVGIPHEEIVKIAEDEGVDIIIMGSHGKTNLKEILLGSVTENVIKKSNKPVLVVKRKNS,000000000011100001000000000000000000001110000000000000000000000000000000000000000000000000000000000000000001000100000000000001101111100000011110000000000000000000,000000000011100001000000000000000000000110000000000000000000000000000000000000000000010000000000000000000001000100000000000001101111100010011110000000000000000000,142,20,141,21,140,2,1,19,98.59,95.0,90.48,98.15,92.68,0.917
3K5HA,MGSSHHHHHHSSENLYFQGHMWNSRKVGVLGGGQLGRMLVESANRLNIQVNVLDADNSPAKQISAHDGHVTGSFKEREAVRQLAKTCDVVTAEIEHVDTYALEEVASEVKIEPSWQAIRTIQNKFNQKEHLRKYGIPMAEHRELVENTPAELAKVGEQLGYPLMLKSKTMAYDGRGNFRVNSQDDIPEALEALKDRPLYAEKWAYFKMELAVIVVKTKDEVLSYPTVETVQEDSICKLVYAPARNVSDAINQKAQELARKAVAAFDGKGVFGVEMFLLEDDSIMLCEIASRIHNSGHYTIEGCALSQFDAHLRAILDLPIPAQSLEIRQPSIMLNIIGGAAPDTHLQAAECALSIPNASIHLYSKGAAKPGRKMGHITVTAPTMHEAETHIQPLIDVVDRIRA,0000000000000000000000000000000000000000000000000000000000000000000000000000000000000000000000000000000000000000000000000001000000000000000000000000000000000000000101000011110010000000000000000000000011110100100000000000000000000010010000000000000000000000000000000000000001010000000001100000000000000000000000000000000000000000000000000000000000000000000000000000000000000000000000000000000000000000000,0000000000000000000000000000000000000000000000000000000000000000000000000000000000000000000000000000000000000000000000000001000100000000000000000000000000000000000101000011110010000000000000000000000011110100100000000000000000000010000000000000000000000000000000000000000001010000000001100000000000000000000000000000000000000000000000000000000000000000000000000000000000000000000000000000000000000000000,383,20,383,20,382,1,1,19,99.74,95.0,95.0,99.5,95.0,0.947
2Z08A,MFKTILLAYDGSEHARRAAEVAKAEAEAHGARLIVVHAYEPVPDYLGEPFFEEALRRRLERAEGVLEEARALTGVPKEDALLLEGVPAEAILQAARAEKADLIVMGTRGLGALGSLFLGSQSQRVVAEAPCPVLLVR,00000001110100000000000000000000000111000000000000000000000000000000000000000000000000100000000000000000110111110000001111000000000000000,00000001111100100000000000000000000011000000000000000000010000000000000000000000000000100010000000000000110111110001001111000000000000000,118,19,114,23,113,5,1,18,95.76,94.74,78.26,95.62,85.71,0.837
3MEYA,MGSSHHHHHHSSGLVPRGSHMNIAVLPNSPDTAPQIADPLDHLADKLFHSMGSDGVYARTALYESIVERLAALITSHREAGTEALRFPPVMSRAQLEKSGYLKSFPNLLGCVCGLHGTEREINAAVSRFDAGGDWTTSLSPADLVLSPAACYPVYPIAASRGPLPKGGLRFDVAADCFRREPSKHLDRLQSFRMREYVCIGTPDDVSDFRERWMVRAQAIARDLGLTFRVDYASDPFFGRVGQMKAVSQKQQQLKFELLIPLRSEEQPTACMSFNYHREHFGTTWGIQDANGEPAHTGCVAFGMDRLAVAMFHTHGTDLSAWPAKVRDILGLQPHVAAGAHGEGWR,0000000000000000000000000000000000000000000000000000000000000000000000000000000000000000000000000000000000000000000000000000000000000000000000000000000000000000000000000000000000101000001110010100000000000000000000000000000000000000001100000000000000000010100000000000011110000000000000000000000000001010010000000000000000000000000000000000000000,0000000000000000000000000000000000000000000000000000000000000000000000000000000000000000000000000000000000000000000000000000000000000000000000000000000000000000000000000000000000101000000110010100000000000000000000000000000000000000001100000000000000000010100000000000011110000000000000000000000000001010010000000000000000000000000000000000000000,328,18,329,17,328,0,1,17,100.0,94.44,100.0,99.71,97.14,0.97
3C5EA,MGHHHHHHSSGVDLGTENLYFQSMSLQWGHQEVPAKFNFASDVLDHWADMEKAGKRPPSPALWWVNGKGKELMWNFRELSENSQQAANVLSGACGLQRGDRVAVVLPRVPEWWLVILGCIRAGLIFMPGTIQMKSTDILYRLQMSKAKAIVAGDEVIQEVDTVASECPSLRIKLLVSEKSCDGWLNFKKLLNEASTTHHCVETGSQEASAIYFTSGTSGLPKMAEHSYSSLGLKAKMDAGWTGLQASDIMWTISDTGWILNILCSLMEPWALGACTFVHLLPKFDPLVILKTLSSYPIKSMMGAPIVYRMLLQQDLSSYKFPHLQNCVTVGESLLPETLENWRAQTGLDIRESYGQTETGLTCMVSKTMKIKPGYMGTAASCYDVQIIDDKGNVLPPGTEGDIGIRVKPIRPIGIFSGYVDNPDKTAANIRGDFWLLGDRGIKDEDGYFQFMGRADDIINSSGYRIGPSEVENALMEHPAVVETAVISSPDPVRGEVVKAFVVLASQFLSHDPEQLTKELQQHVKSVTAPYKYPRKIEFVLNLPKTVTGKIQRAKLRDKEWKMSGKARAQ,000000000000000000000000000000000000000000000000000000000000000000000000000000000000000000000000000000000000000000000000000000000000000000000000000000000000000000000000000000000000000000000000000000000000000000000111110001000000000000000000000000000000000000000000000000000000000000000000000000000000000000000000000000000000000000111000000000000000000111111000000000000000000000000000000000000000000000000000000000000000000000000000000000100000000000100100000000000000000000000000000000000000000000000000000000000000000000000000000000000000000000000100000000000000000000,000000000000000000000000000000000000000000000000000000000000000000000000000000000000000000000000000000000000000000000000000000000000000000000000000000000000000000000000000000000000000000000000000000000000000000000111110001000000000000000000000000000000000001000000000000000000000000000000000000000000000000000000000000000000000000111000000000000000000111111000000000000000000000000000000000000000000000000000000000000000000010000000000000100000000000100100000000000000000000000000000000000000000000000000000000000000000000000000000000000000000010000100100000000000000000,551,19,547,23,547,4,0,19,99.27,100.0,82.61,99.3,90.48,0.906
